sentence,sentiment
How the fu*k! Who the heck! moved my fridge!... should I knock the landlord door. #angry #mad ##,anger
So my Indian Uber driver just called someone the N word. If I wasn't in a moving vehicle I'd have jumped out #disgusted ,anger
@DPD_UK I asked for my parcel to be delivered to a pick up store not my address #fuming #poorcustomerservice,anger
so ef whichever butt wipe pulled the fire alarm in davis bc I was sound asleep #pissed #angry #upset #tired #sad #tired #hangry ######,anger
Don't join @BTCare they put the phone down on you* talk over you and are rude. Taking money out of my acc willynilly! #fuming,anger
My blood is boiling,anger
When you've still got a whole season of Wentworth to watch and a stupid cunt in work ruins it for us ğŸ˜­ğŸ˜­ @__KirstyGA #raging #oldcunt,anger
@bt_uk why does tracking show my equipment delivered* when it wasn't? Why is my service suddenly delayed? We've already 3 weeks. #fuming,anger
@TeamShanny legit why i am so furious with him* people are such fucking idiots.,anger
How is it suppose to work if you do that? Wtf dude? Thanks for pissing me off. ,anger
im so mad about power rangers. im incensed. im furious.,anger
Wont use using @mothercareuk @Mothercarehelp again!! These guys cant get nothing right!! #fuming,anger
Bitches aggravate like what inspires you to be the biggest cunt known to man kind?,anger
Why does @dapperlaughs have to come to Glasgow on a night I am working. I am fucking gutted* been waiting for an appearance for ages #raging,anger
Fuking fuming ğŸ˜¤,anger
Zero help from @ups customer service. Just pushing the buck back and forth and promising callbacks that donâ€™t happen. #anger #loathing,anger
@ArizonaCoyotes not to mention the GRA guy stops me but let's the 2 ppl in front of me go. WTF. My blood is boiling.,anger
I hate my lawn mower. If it had a soul* I'd condemn it to the fiery pits of Hell.,anger
why are people so offended by kendall he ends photo shoot like seriously shut the fuck up,anger
I'm about to block everyone everywhere posting about the storm. I think everyone is aware of the damn rain and what not so quit. #damn ,anger
Making my buddy cry !! Bitch wait for revenge ğŸ¤—ğŸ‘ŒğŸ»,anger
Bes! You don't just tell a true blooded hoopjunkie to switch a f*c@n' team that juz destroyed your own team. You juz don't! #insult,anger
I got a NO RESPONSE again from an #irate customer of #amazon ğŸ˜ğŸ˜\nwhy can't they understand that it's not always amazon fault..\n#carrierfault,anger
Tasers immobilize* if you taser someone why the fuck do you need to shoot them one second later?! This is really sick! #rage #wtf  #murder,anger
@LeKingCoq @MistaAggy @GiovanniiDC The way my blood is boiling* little bastards!,anger
Actually fuming I have nothing to wear Saturday,anger
.@DIVAmagazine than straight people. Even the arse straight guys who think that means a threesome is fine. #angry #fuming,anger
Bloody parking ticket ğŸ˜’ğŸ’¸ #fuming,anger
You ever just find that the people around you really irritate you sometimes? That's me right now ğŸ˜’,anger
I get so angry at people that don't know that you don't have a stop sign on Francis and you do at Foster #road ,anger
This fuck you is boiling up inside* its not gonna be good when I let it out.,anger
@VodafoneUKhelp @VodafoneUK wow!! My bill is Â£44.77 and hav a text from u to prove that and you have taken Â£148!!!!! #swines #fuming #con!,anger
I blame the whole season on Natalie! The season would have been so different had she not turned her back on her alliance! #pissed ,anger
Since the 'update' my @iPhone loses power nearly 40% faster.  #furious,anger
@bringyouhome2 I'm about to fly into a fit of rage it's not FAIR,anger
Unbelievable takes 10 minutes to get through to @BarclaysUK then there's a fault and the call hangs up #fuming #treatcustomersfairly,anger
@ggreenwald @SusanSarandon We are blaming 5% of the fucking idiots who are putting the World in the middle of their tantrums. You are one.,anger
@SunandBeachBum 'you people' infuriate me!,anger
@rtrn94 Mine is that the party did decide but the party has been slowly transformed into a vengeful hell-cult of white male resentment,anger
So #angry about my @WishShopping order. 6 #months ago I placed an order of over $500. Card billed. Never #received \n#disappointing,anger
Still can't log into my fucking Snapchat#Snapchat #snap,anger
@ThomsonCares Sam- yes we have! Not helpful at all! We need this sorting ASAP! You keep promising stuff that doesn't happen!!!! #fuming,anger
SOMEONE LET SNAKES IN MY HOUSE* I BET IT @Ya_Boi_Huck I KILL THAT BUGGER WHEN I GET MY HANDS ON HIM #rage #HuckFP2,anger
so ef whichever butt wipe pulled the fire alarm in davis bc I was sound asleep #pissed  #upset #tired #sad #tired #hangry ######,anger
Why does @dapperlaughs have to come to Glasgow on a night I am working. I am fucking gutted* been waiting for an appearance for ages ,anger
i feel furious,anger
Some Mexican ladies irritate the fuck outta me. Have a their own lil preschool of fucking kids for the welfare &amp; allllat smh.,anger
Still can't log into my fucking Snapchat #Snapchat ,anger
I blame the whole season on Natalie! The season would have been so different had she not turned her back on her alliance! #pissed #bitter,anger
People irritate my MF soul,anger
Im so angry ğŸ˜‚ğŸ™ƒ,anger
People fuckin irritate me,anger
@leesyatt you are a cruel* cruel man. #therewillbeblood #revenge,anger
That way ur so angry you can literally feel ur blood boiling,anger
@KatzeAnilothei this amount of greedy mooching makes me snarl.,anger
My mind is raging and i just want to end it all,anger
Absolutely fuming that some woman jumped into my prebooked taxi and drove off ğŸ˜¡,anger
I'm nothing but a hateful and bitter fag,anger
@FitnessFirstAU something needs to be done about people hogging machines - nobody can use 3 machines at one time! #angry #notfair #whypay,anger
@JrDingy96 Ikr people still got a grudge against him for no reason like wtf?!,anger
@lynnew69 then he said talking about wills uncontrollable animals when moving to another link. These comments do not help! #fuming,anger
@paulbushnell25 @EE bad news if ordered online it hasn't gone through same happened to me had to re order on the phone #furious,anger
So angry I wanna cryğŸ˜¢ğŸ˜¢ğŸ˜¢,anger
OOOOOOOOH MY GOD UUUUGGGGHHHHHHHHH ,anger
Boycotting @DunkinDonuts till butter pecan comes back. I am furious,anger
In 2016* Black people are STILL fighting to be recognized as human beings. #cantsleep #angry,anger
my mom cut my phone off and I'm so furious ğŸ¤—,anger
Once again the only thing on my feed is naay raging about something and my brother filling in all the gaps,anger
can't believe Achilles killed me! #angry,anger
I lost a couple niggas I want revenge so put me in coach,anger
@mjmralph then it's poor packaging my Amazon and the fulfilled seller should be furious as much as you ğŸ˜•,anger
Where's your outrage when a black man kills another black man in the streets?,anger
it makes me so fucking irate jesus. nobody is calling ppl who like hajime abusive stop with the strawmen lmao,anger
Absolutely fuming I've just scratched all my car ğŸ˜¡ğŸ˜¡ğŸ˜¡ğŸ˜¡ğŸ˜¡ğŸ˜¡,anger
@Ms_HeartAttack holy shit it just a bee sting like fuck you're not dying,anger
How the fu*k! Who the heck! moved my fridge!... should I knock the landlord door.  #mad ##,anger
I dislike people who get offended by the littlest shit .,anger
What the fuck am I supposed to do with no lunch* no dinner* no money and I'm off to work #furious #hangry #day5,anger
@justyne_haley it does. if one person ruins season 13 for me* I will be so angry,anger
What the fuck am I supposed to do with no lunch* no dinner* no money and I'm off to work  #hangry #day5,anger
@firstleeds not only are your buses unreliable your e ticket app is too unable to get on two buses and late for work #fuming #useless reply,anger
So my Indian Uber driver just called someone the N word. If I wasn't in a moving vehicle I'd have jumped out #disgusted #offended,anger
The liberal outrage over don king saying the N-word really angers me. The white yuppie progressives can go fuck themselves* shame on blacks,anger
Just paid for chicken at @panerabread and didn't even get any ğŸ˜‘ğŸ˜‘ğŸ˜‘ there goes 4 dollars and me as a customer #angry,anger
but that was a mistake and a half assed excuse and now here i am burning in hell forever,anger
@ManUtd you have had from me over the years is irrelevant. Its an absolute joke. #manutd #ticketing #fuming #noloyalty #joke #notimpressed,anger
@hollyrobinson__ Part 2-was buzzing for a cheeky squashie or two-this was NOT what i expected.SORT IT OUT! #food #angry  @coopuk @coopukfood,anger
Tasers immobilize* if you taser someone why the fuck do you need to shoot them one second later?! This is really sick!  #wtf #murder,anger
Bes! You don't just tell a true blooded hoopjunkie to switch a f*c@n' team that juz destroyed your own team. You juz don't! ,anger
@ChurdAllan fucked my coupon that goal! #raging,anger
LVG bribed all the refs against Utd for his own personal revenge. That was a foul you prick.,anger
Now that the whole clown rage has scared me shitless* I'm gonna go cry in my room,anger
Worst juror ever? Michelle. You were Nicole's biggest threat. #bitter #bb18,anger
Your twitter picture just makes me fume.,anger
@leesyatt you are a cruel* cruel man. #therewillbeblood ,anger
That's really it for my madden career that game sucks * ea sports does a piss poor job every year on that shit,anger
@NeoFundie @fitchest Ha. Right. I'm from San Jose* CA* and I was offended right there with you. Dave* go on a walk or something next time.,anger
@FitnessFirstAU something needs to be done about people hogging machines - nobody can use 3 machines at one time!  #notfair #whypay,anger
I wonder what American city will be next to protest about police shootings. Who's next? Smh. #whenwillitstop #angry #howmanymoretimes,anger
@politico @realDonaldTrump another angry white man!,anger
Have wee pop socks on and they KEEP FALLING OFF INSIDE MY SHOES #rage,anger
The majority of people irritate the fuck out of me* cba with people ahahah,anger
@oscar_perria a multimillionaire spoiled brat who gets In a self righteous huff bc his friend is Muslim is a non starter bye!,anger
Wont use using @mothercareuk @Mothercarehelp again!! These guys cant get nothing right!! ,anger
@kingvee_ don't provoke me to anger,anger
You complain all the time and then wonder why people never want to see you. You acc rile me up. Stfuuu!!!!,anger
Bloods boiling,anger
Leave it on there* rule*nimber 1 of carpet cleaning!!! #furious #worsethananatomicbomb #accidentlyspillbeeronthecarpet,anger
@DarkLuneFantasy wallah my blood is boiling I need to take a nap ugh,anger
I swear if @devincameron23 blocks me I'm going to hit her back ,anger
@jennylhowe I am angry at the student for being a racist* and the teacher for not stopping it* and at the class for letting it go by.,anger
I'm about to block everyone everywhere posting about the storm. I think everyone is aware of the damn rain and what not so quit. #damn #rage,anger
I'm just a fuming ball of anger today ğŸ™ƒ,anger
I didn't find out about this till today due to my bff telling me. I am so disgusted and offended by this.,anger
@VerizonSupport thanks for saying My wife and I were getting our iphones today and then losing both of them with no ETA #thanks #angry,anger
A @FirstBSA not turning up? Why am I not surprised. Late for work again! #fuming,anger
Police Officers....should NOT have the right to just 'shoot' human beings without provocation. It's wrong.\n\n@ORConservative @MichaelaAngelaD,anger
angry already,anger
... flat party and I instantly get bollocked about it. #fuming,anger
@XemitSellsMagic add tracking but resent them,anger
@FoxNews @SheriffClarke @FoxNewsInsider This man is an affront to our justice system.,anger
SOMEONE LET SNAKES IN MY HOUSE* I BET IT @Ya_Boi_Huck I KILL THAT BUGGER WHEN I GET MY HANDS ON HIM  #HuckFP2,anger
@ChronAVT ummm* the blog says 'with Simon Stehr faking 7th'...I'll expect an investigation forthwith. This is an #outrage,anger
@GroupAnon black armed thug with a record carrying gun illegally gets shot by black cop. #outrage   This is a joke.Let em destroy their town,anger
..... wakes up and says 'have you tried changing her nappy?' ğŸ˜¡ğŸ‘ŠğŸ¼ #rage!!!!,anger
Someone needs to tell Candice she'll be stuck with that shitty pout if the wind changes. #GBBO,anger
@brian5or6 turn that shit off!   Home Button under Accessibility. \n\nWhen did innovation become mind fuckery? . #iphonePhoneHome,anger
I just love it when people make plans for me without actually including me in this process #rage,anger
@ggreenwald Smh* remove ideologically bankrupt and opportunistic establishment now. They're burning all bridges and social contracts. #anger,anger
@brendancoots where's your outrage that your party nominated a lying* corrupt person? And received donations from nations who support terror,anger
@edquinn63 how can you even forget to pick ur fave child up from school #offended,anger
I get so angry at people that don't know that you don't have a stop sign on Francis and you do at Foster #road #rage,anger
@soyoprincess they irritate me. Them and their inch thick made up masks,anger
@ChurdAllan fucked my coupon that goal! ,anger
How was Natalie one of the top three favorites?! #toofaced and #bitter ğŸ™„,anger
@dcexaminer Democrats and their voters have zero tolerance for honesty. They associate honesty with anger and hate.,anger
@gerfingerpoken #rage?? The #CrookedCourt said #rage MANY times to explain away the brutal killings of #Petits by #Hayes &amp; #Komisarjevsky,anger
To'Why can't we brothers protect one another? No one's serious* and it makes me furious. Don't be misled* just think of Fred.' #mayfield,anger
..... wakes up and says 'have you tried changing her nappy?' ğŸ˜¡ğŸ‘ŠğŸ¼ !!!!,anger
@ManUtd you have had from me over the years is irrelevant. Its an absolute joke. #manutd #ticketing  #noloyalty #joke #notimpressed,anger
All hell is breaking loose in Charlotte. #CharlotteProtest #anger #looting,anger
There's this Bpharm4 guy Eish that guy brings anger into my life. When I see him nje like darkness fills me @RamatsobaneM will know,anger
i had an hour of football practice under the boiling sun and now i have 2hr volleyball practice under the BOILING SUN AGAIN,anger
testing #angry,anger
@WatcherDev @WarcraftDevs put so much artefact points into fury and cant raid... literally wasted 1 month of my life! Thanks blizzard,anger
How is it suppose to work if you do that? Wtf dude? Thanks for pissing me off. #furious,anger
i was angry.,anger
That feel when you travel 700 miles to pick up a form that arrives in the post two days after you leave. #fume,anger
@cineworld 'Congratulations your Free 1 month has been activated' Then charges Â£34.80 the same month. Absolutely furious ğŸ˜¡,anger
@tmz @HarveyLevinTMZ   Hell hath no fury like a women scorned.    It's the affair.  Not the parenting,anger
straight people are canoodling on the quad and I'm #offended,anger
I can definitely feel my irritation today* lord give me strength,anger
@RobertTaitWHU against Chelsea anything is possible haha. I'm fuming about that bet ğŸ™„ğŸ™„ğŸ™„ğŸ™„ğŸ™„ğŸ™„,anger
When you break a record in #madden I wish it didn't say the same shit after every rush like you just broke the record. #shutupphilsimms,anger
@DFSCare apparently you are to contact me. Sofas were meant to be delivered today. Old ones gone. Sitting on floor. No sofas! #fuming,anger
I have 1000 rabid grizzly bears I'm going to scatter in neighborhoods all over America.\n\nThey're poor refugees!\n\n#InYourNeighborhoodNotDC,anger
@oreillyfactor why dont #blm #thugs want #justice when its black on black #gang crime? They only #rage and cry #racism when its a #cop,anger
@mandyjohnson I'll be honest.. I hope that annoying Southern bint with the 'look at me' pout goes out this week! Selasi #FTW,anger
Zero help from @ups customer service. Just pushing the buck back and forth and promising callbacks that donâ€™t happen.  #loathing,anger
@mdivincenzo9 he's stupid* I hate him lol #bitter,anger
@SkyUK what a joke!! Cut our internet off early 'by mistake' and then don't reinstate it when we no longer need an engineer ğŸ˜¡ ,anger
@Slippus @PureGym  yeah I received a fine today which I am furious about* currently appealing it after being a member for so long...,anger
People irritate me ğŸ™„,anger
Men in rage strike those that wish them best. #rage #emotions #negative #positive #wish #strike #martial #arts #control #believe #best #hope,anger
In 2016* Black people are STILL fighting to be recognized as human beings. #cantsleep ,anger
I swear if @devincameron23 blocks me I'm going to hit her back #revenge,anger
@SkyUK what a joke!! Cut our internet off early 'by mistake' and then don't reinstate it when we no longer need an engineer ğŸ˜¡ #fuming,anger
@RealBD_ @ReyesAverie 47 unarmed blacks killed by white cops in 2015. That many die every month in Chicago wheres the #outrage,anger
@bt_uk why does tracking show my equipment delivered* when it wasn't? Why is my service suddenly delayed? We've already 3 weeks. ,anger
Does she really need to pout all the time - getting on my nerves #GBBO,anger
Ever put your fist through your laptops screen? If so its time for a new one lmao #rage #anger #hp,anger
@snowangel415 @cjwalters66 Maybe also being attacked by Tom's rabid fans to whom he &amp; his clothes were always perfect also put me off him...,anger
Dear future big brother players* just chase dick all season and you too can win 500*00 dollars and an Sti #bb18 #bitter,anger
@VanDashNessa @taotao_salupa5 Nobody in that street burning and looting and terrifying innocent citizens was there* either.,anger
@Disneyland #nothappy and still #charging the #fullprice ğŸ˜¡ğŸ˜¡ #fuming some your #bestrides ğŸ˜³ğŸ˜³,anger
Forgot to eat dinner and now I'm furious with everything and everyone,anger
the girl sitting in front of me is chewing her gum like a cow &amp; im ready to snap ğŸ¤—,anger
@sebbyD27850 both are nonsensical. If there's injustice against blacks* why add to it by destroying black property. It's misdirected anger,anger
Can someone make me a priority list of which things I should be outraged at + in which order?  #racism #animalrights #abortion #cops,anger
@VodafoneUKhelp @VodafoneUK wow!! My bill is Â£44.77 and hav a text from u to prove that and you have taken Â£148!!!!! #swines  #con!,anger
You a fuck boy if you run drag routes back to back in madden,anger
I got fever highs\nI got boiling blood,anger
@canada4trumpnow @donlemon he has BAD TEMPERAMENT #tantrums #HissyFits,anger
I can't even right now #bb18 #rage,anger
@Daniel_Sankey @hayleyp79 Haha.... Actually* after the Doggies I'm barracking for Anyone But GWS! #bitter,anger
Why are people that don't have iPhones so bitter about iPhones???? Can someone explain,anger
@RonMexico760 The guy who calls people 'cuck' and is anti-BLM is offended by idea that he might not be pro-policing reform? That's amazing.,anger
@deshbhakthoon always unhappy and easily offended.,anger
@SusanHensThe shameful display I watched today has left me reeling with so much anger dt I feel like exploding* those clowns should watch it,anger
All hell is breaking loose in Charlotte. #CharlotteProtest  #looting,anger
When you've still got a whole season of Wentworth to watch and a stupid cunt in work ruins it for us ğŸ˜­ğŸ˜­ @__KirstyGA  #oldcunt,anger
Half of Epicenter is shut down its police all over y'all I just burst out in tears this is fucking terrible #KeithLamontScott,anger
Not giving a fuck is better than revenge.,anger
@winksahoy we about to get shit on by the wrath of winter out of nowhere,anger
@GrxjicTank WHY though! Why did u want to offend Americans?,anger
@RealBD_ @ReyesAverie 47 unarmed blacks killed by white cops in 2015. That many die every month in Chicago wheres the ,anger
@CI  I don't think Monalisa has respect for anyone but herself! I think she'll ruffle a few feathers. #TheJail,anger
@DPD_UK I asked for my parcel to be delivered to a pick up store not my address  #poorcustomerservice,anger
Thought the Xbox one s madden bundle would come with a physical copy of madden not a codeğŸ˜´ it's gonna take fucking forever to download lol,anger
@canada4trumpnow @donlemon he has BAD TEMPERAMENT  #HissyFits,anger
#My #blood is so #bitter for satan to test #becouse #cleanse by the #blood of #Jesus christ....#amen.,anger
The new gun emoji in iOS10 is not enough to show the anger I have towards a number of things.,anger
@BigBrother__USA she is just jealous and a cry baby! #bitter #gladsheisgone #crybaby,anger
I just wanna know why there's no outrage for black on black crime and no one knows those victims but BLM is out to kill cops based on media,anger
Forever angry that gh ruined Molly and morgan's bond/friendship #bitter,anger
Spurs radio commentator referred to Mauricio Pochettino as 'MoPo' and I felt a sudden surge of rage.,anger
@sueblue35 @nsoz7 @immortalbulldog huh? We have a sprint coach? We're the slowest team in the comp. Talk about robbing a living. #outrage,anger
Can't believe I've only got 2 days off left ğŸ™„ #backtoreality #raging,anger
@Austin4evaLEEDS fuming!,anger
Taking a break from the #wedding to #rage at the general #stupidity of certain #people on the #internet.,anger
Ever put your fist through your laptops screen? If so its time for a new one lmao   #hp,anger
â€¢My brother grabbed me in a aggressive manner and as always @ImpetuousFiend threw tantrums like a kid only knowing how to express himself--,anger
Don't join @BTCare they put the phone down on you* talk over you and are rude. Taking money out of my acc willynilly! ,anger
@Casper10666 I assure you there is no laughter* but increasing anger at the costs* and arrogance of Westminster.,anger
People need a way to escape*escape what?This corrupted world.This reality. This joke.This fury of constant pain &amp; stress.We need a vacation,anger
I love my black people..... I really really do. But .... my people really do irritate the living hell outta me all cause I'm different. ğŸ˜‘,anger
I don't talk about politics because people nowadays get offended easily!,anger
@MannyM83 @DareToReagan oh yeah. I HATE the air raid and I don't like the Oregon/Baylor offense and I'm not a fan of the ole miss one either,anger
@AskPS_UK not received verification email* asked for it to be resent 5 times still nothing.,anger
Unbelievable takes 10 minutes to get through to @BarclaysUK then there's a fault and the call hangs up  #treatcustomersfairly,anger
@Will_0004 No justification for shooting without provocation* even if the person has a bad history. Justification is not the way to go,anger
I genuinely think I have anger issues,anger
@judy_that Im honestly offended,anger
Michelle is one of the worst players in bb history #bb18 #bbfinale #bitter,anger
I'm so annoyed/sad YouTube is burning itself to the ground ğŸ™„ğŸ™„,anger
How can I tell Happy Anniversary* when u are not happy.. #bitter #ampalaya #paitpaitanangpeg,anger
Just paid for chicken at @panerabread and didn't even get any ğŸ˜‘ğŸ˜‘ğŸ˜‘ there goes 4 dollars and me as a customer ,anger
Never forget that 5Live cancelled programs* to allow them to extend 606 so people could call in and detail their outrage after our behaviour,anger
When someone rudely says all women should have long hair and your inner feminist tries not to rage,anger
Absolutely raging at the changes to CAS* what a joke,anger
Girls irritate me so much lol,anger
@LickMeLucas ...I'm waiting for you to figure out I'm like... from 0 to 100 real quick with the irritation.,anger
@xxmariab listen yh don't provoke me cos I'll make you cry,anger
@luxbet Did you even give out any pizzas ? Serious fail #hungry #furious #hangry,anger
Bloody parking ticket ğŸ˜’ğŸ’¸ ,anger
@DFSCare apparently you are to contact me. Sofas were meant to be delivered today. Old ones gone. Sitting on floor. No sofas! ,anger
@ThomsonCares Sam- yes we have! Not helpful at all! We need this sorting ASAP! You keep promising stuff that doesn't happen!!!! ,anger
They're like the rape apologists who (inadvertently?) make men sound like rabid* mindless beasts. With friends like these...,anger
And she got all angry telling me 'but what would be doing a 40 year old guy looking for a girl like you' and I felt #offended,anger
@aGirlHasNo_Name @MdlMurray shot by black police woman Typical looney toon thinking. #Hillary #divide  #chaos,anger
@UnitedFrontRev @JuanDeznuts @LucidHurricane_ sex offense happens across ALL races* cultures* and creeds &amp; they should be castrated,anger
@JasonMillerinDC @realDonaldTrump Prudence suggests that a 8+% bump over 2-3 weeks should be viewed with SKEPTICISM. Media/HRC axis #angry,anger
@lesyoung01 a rabid dog being ridden by the child who has eaten all the flesh off one fellow and the limbs of the other adults.,anger
@TheOneSoleShoe that is one thing but attacking and hating is worse - that makes us just like the angry vengeful behavior we detest,anger
Delete this shit Josh just screenshotted my snap me,anger
Can someone make me a priority list of which things I should be outraged at + in which order? #outrage #racism #animalrights #abortion #cops,anger
@CorbettBarr @pjrvs @brianclark true. Just me spitting venom because I'm still bitter with Stripe. Like an old man yelling from his porch.,anger
i will never watch greys anatomy ever ever ever ever ever again if Shonda Rimes takes away another OG characterâ˜¹ï¸â˜¹ï¸â˜¹ï¸â˜¹ï¸â˜¹ï¸â˜¹ï¸â˜¹ï¸â˜¹ï¸â˜¹ï¸â˜¹ï¸ #fuming,anger
I wonder what would happen if I were to tell some people the truth #savage #uhoh #angry,anger
You will never find someone who loved you like I did. And that my love* will be my revenge.,anger
A @FirstBSA not turning up? Why am I not surprised. Late for work again! ,anger
If you be #angry* which may be the case* &amp; which may be unavoidable* see that the sudden excitement does not become sin. #AlbertBarnes,anger
@lemonlover666 'shit' doesn't even begin to describe these fiery little demons straight from hell ğŸŒğŸŒš ;),anger
I am just so bitter today ğŸ˜,anger
@Hoopdawg87 @MickThePerm Meanwhile white cops keep killing black people. But there's less outrage about that. Strange society that.,anger
@cc_yandian @HillaryClinton her team must draw from a hat for daily personality #drugged #angry #yeller #quiet #screamer #ğŸ˜‚ğŸ˜‚,anger
Heading home to cut grass in the heat. All I wanna do is go out to eat somewhere air conditioned. #pout #AdultingIsTheWorst,anger
OOOOOOOOH MY GOD UUUUGGGGHHHHHHHHH #rage,anger
i will never watch greys anatomy ever ever ever ever ever again if Shonda Rimes takes away another OG characterâ˜¹ï¸â˜¹ï¸â˜¹ï¸â˜¹ï¸â˜¹ï¸â˜¹ï¸â˜¹ï¸â˜¹ï¸â˜¹ï¸â˜¹ï¸ ,anger
@saclivin @MrsCagg specific &amp; intentional way. And part of that intention is to provoke conversation around systemic racism towards blacks.,anger
@alyssasimpson21 I gave up KENDRICK LAMAR to eat barbecue with him. #bitter,anger
@lynnew69 then he said talking about wills uncontrollable animals when moving to another link. These comments do not help! ,anger
@alicehouston18 sorry I'm just angry my drone flew away,anger
@carefreeash_ id be fuming,anger
@xandraaa5 @amayaallyn6 shut up hashtags are cool #offended,anger
@StarklyDark 'I know you trusted me.' His words were soft as he ignored the anger and focused on the hurt beneath. 'I know I screwed up.' --,anger
I wonder what American city will be next to protest about police shootings. Who's next? Smh. #whenwillitstop  #howmanymoretimes,anger
Why mfs so bitter,anger
im on holiday for the next round* fuming!,anger
Did we miss the fact that #BurkeRamsey swung &amp;hit his sister #JonBenet in the face with a golf club previously out of a fit of #anger?,anger
@nytopinion  The point of voting for Trump to push all the pieces off the board game like an angry toddler? Wreck everything for everybody?,anger
Like if you aggravate me constantly* byeeeeeeee,anger
@Lexual__ @jdspielman10 RIP to the 100s of black men** women*CHILDREN killed in Chicago. Where is the outrage?,anger
Inpouring this letter we are dying over against subsist checking quaint virtuoso ways toward fine huff yours l...,anger
hitting your children as discipline because you're being quite a raging hypocrite if you're not.,anger
sorry im so #bitter i just. i either want a pure ur or literally any card from the sets i like but every time i draw for the sets i like&gt;,anger
@DanRather What King says doesn't matter. The fact he came w/ psycho Don is by far more of an affront.,anger
@JuliaHB1 Bloody right ,anger
i have so much hw tonight im offended,anger
Like hello? I am your first born you must always laugh at my jokes. #offended,anger
the outrage has passed and has been replaced by a mute* fatalistic acceptance of the current situation.  #fatalism,anger
Have wee pop socks on and they KEEP FALLING OFF INSIDE MY SHOES ,anger
and apparently he's supposed to have a Scottish accent??? I'm #offended,anger
seek to conduct attacks against Israel* intended to provoke a reaction that would further inflame feeling within the Islamic worldâ€. â€¢,anger
Lost Frequencies/Janieck Devy - Reality (Gestort Aber Geil Remix)' is raging at ShoutDRIVE!,anger
@EagleGiles23 @tgilmore_92 what I miss? #outrage,anger
@AllegedLowbrow It's 'Eye-for-Eye'. Indian Army never forgives* Never Forgets. They always take revenge* Pakistan breaks laws* I.A follows,anger
Worst juror ever? Michelle. You were Nicole's biggest threat.  #bb18,anger
luv seeing a man with a scowl on his face walking with a protein shaker clenching his fists. i immediately stop n suck his dick,anger
Fake people irritate me,anger
Said it before and I'll say it now: America is really fortunate that black people only want equality and not revenge.,anger
#Anger or #wrath is an intense emotional response.,anger
@TaraSetmayer @oliverdarcy AA have the right of passage when it comes to the 'N' word.  Why should he insult him in his church.  Ignorant!,anger
if we let that in id be fuming poor keeping,anger
@LynneGarrison yeah* I've only seen that floated online as a theory* it was probably made up by a bitter stan. I ignore pets v vets crap too,anger
@SkyNews when the East wind blue in summer in Durban* S Africa* we still surfed and got #stung badly! Must be carefull-A #sting can harm you,anger
@LisaAsquithtobe @craig8710 @WayneHaselden @june65wigan everyone is against wigan because we are the biggest club #bitter,anger
Because it was a perfect illusion* but at least now I know what it was. #angry #ladygaga #iscalming#mysoul,anger
Candace &amp; her pout are getting right on my tits #GBBO,anger
@johnaugust @clmazin I was so looking forward to @ABCDesignated. Then it opened with a #stuartspecial. I literally yelled at my tv. ,anger
BANG! Gordon #Brown has been accused of abusing a gazillion #rabid parrots!,anger
Petition for non-Maghrebi PoC to stop buying 'couscous' from white grocery stores and boiling it. That is not couscous* that is trash.,anger
ESPN just assumed I wanted their free magazines #offended,anger
Yo there's a kid on my snap chat from LA &amp; they get high off helium gas lmao.... I am like why the fuck lol,anger
.@RepDelBene: 'Today's proceedings and the entire process is an insult to our constituents.',anger
@serendipity127_ @zombiecalorie @Angel_Eyes66 I'm sensing a theme here tho lol #angry,anger
@kingcharles9th i Lowkey forgot you had twitter and if you don't follow me back im gonna be #offended,anger
... flat party and I instantly get bollocked about it. ,anger
@everycolorbot more like every color looks the same #triggered #colorblind #offended,anger
.@DIVAmagazine than straight people. Even the arse straight guys who think that means a threesome is fine.  ,anger
@DouthatNYT @jbouie @DamonLinker Yes* it is bad to point out racism lest it provoke the racists.  Some racists do indeed not like it.,anger
@Deadspin @jrzy_boy This is about him being left off because they wanted to play a heavier game. We needed his offense tho. Amongst others.,anger
@Idubbbz @LeafyIsHere  I am offended,anger
@aroseblush Hello !\nThe bigger the bully* the more crocodile tears. Bullies always act like offended victims.,anger
@IrishTimesPol @IrishTimes Irish citizens boiling drinking water in 2016 leaves one foot firmly in the bog!,anger
Candice's pout is gonna take someone eye out mate! #GBBO,anger
I've always had a weird grudge against stingrays ever since one killed Steve Irwin.,anger
@jwolfie_ why you gotta use the dark skin emoji #offended,anger
I'm not saying he might be like big foot but it might be like natural biological father says blood boiling if he cross,anger
I really really resent having to go to bed at a sensible hour* you guys. I WANT TO TALK TO MY PEOPLE.,anger
@NM_NickNocturne Incentivise people to roam the Internet being morally offended* as if they didn't do it enough already.,anger
not to be That Personâ„¢ but i get bitter seeing some ravi stans,anger
@Darren_Hammer amen* nothing personal mate* just tired of all of the complaining from our fans* it's Been a relentless tirade of misery,anger
Michelle is one of the worst players in bb history #bb18 #bbfinale ,anger
Dear Indians..It is hard to swallow this but for once try to swallow this bitter pill...that is.. Pakistan is number one in Test cricket!!!,anger
A little nose irritation and a little more chills on my body. I'm so not into flu* into flu* into flu #FallSongs,anger
I am #real #sjw* I will not let #america down\nI have found us* now go and get us\nI let it out and I let it in\nI #rage I #lol\n@SergioSarzedo,anger
Connivers blind to existential fury,anger
guys irritate me,anger
#firsttweetever sippin #hotchocolate wondering #why I finally gave in &lt;3 haha #hellloooootwitter - ...its because #facebookisforfamily #rage,anger
@eNCA what they should be doing is directing their anger to the thieves in government...#corruption #FeesMustFall,anger
Need a new outlet for #rage,anger
@swagalini ive been through the denial and anger i am in pure acceptance,anger
@SapientSoldier timid but determined version of the rabid beasts beyond the land. Growling beneath my restrained breath* I //rip// myself --,anger
I'm not used to pretty girls that use curse words to express their anger. I just feel like I'm a little bit surprised and turned off as well,anger
@TzumiXIV huff puff,anger
Hell hath not fury like a hamstring cramp. #ouch,anger
Actually be arsed with my sister sometimes* she controls the TV 90% of the time and when I watch one thing she gets in a huff ğŸ™„,anger
@fireemblemlord it's the first expac since wrath that feels like a proper 'evolution' of the game for me,anger
@Thebeast_ufc what happened to the suicide tweet it was a joke obviously how could that offend anyone?ğŸ¤”,anger
@paulkrugman relentless echo chamber - negative comments with lots of reverb. Typical bully behavior.,anger
when you find out the initiative isn't even a thing ğŸ˜§ #revenge,anger
@djddueces jojo at 12:30 and not midnight lets rage WRYYYYYY,anger
I'll happily be rude to people who personally insult me unprovoked* they deserve it ğŸ‘ Just as good people deserve respect,anger
That AK47 leave your spine with a frown,anger
come on let's make em hate ğŸ˜˜make em pout they face ğŸ‘¿ğŸ˜©.,anger
Recommended reading: Prisoners of Hate by Aaron Beck #anger,anger
@Alanafergusson snap meee,anger
@KimLy resent,anger
Forever angry that gh ruined Molly and morgan's bond/friendship ,anger
#disgracefulesin I resent all men in some way; for some or no reason at all. #esinscountdown,anger
@TillTheEndMMVI I accidetly dumped boiling water my myself ğŸ˜«,anger
@ggreenwald Smh* remove ideologically bankrupt and opportunistic establishment now. They're burning all bridges and social contracts. ,anger
As usual disappointing #offense by @HoustonTexans ...#Texans,anger
@mdivincenzo9 he's stupid* I hate him lol ,anger
@PuseLepuru it's the irritation of not having found the corpse,anger
never #make a decision when you are .. #angry &gt;_&lt; .... and never make a #promis when you are #happy :) :*,anger
@girlsreallyrule Both Trump + King are relentless self-promoters who don't give a rip about anyone else. A perfect match for both Donalds.,anger
@coltonflurry @StrangeFacesLA I cancelled by CBS all access live feeds before JC even said Vic won AFP. Paul.should have won IMO #bitter,anger
whenever I put 'I wanna be adored' on my brother alwayss sings 'I wanna be a dog' instead just to irritate me,anger
@johnaugust @clmazin I was so looking forward to @ABCDesignated. Then it opened with a #stuartspecial. I literally yelled at my tv. #umbrage,anger
I don't get what point is made when reporting on Charlotte looting @CNNAshleigh. Why not explore what looting businesses symbolizes #outrage,anger
@ArcadianLuthier -- taking out his feelings on Kei unfairly. His lips form a frown as he tries to walk away.,anger
@laura221b I've left it for my dad to deal with ğŸ˜‚ My work is done as soon as it's felt the wrath of my slipper ğŸ˜·,anger
Leave it on there* rule*nimber 1 of carpet cleaning!!!  #worsethananatomicbomb #accidentlyspillbeeronthecarpet,anger
@m_warner21 Yikes. The wrath of Maddie...,anger
@Nigerianscamsss @TrillSmith you think I came back to twitter and not ruffle a few bushes? Tuh.,anger
.@LEAFYSZERKER @markiplier is that an insult? Sounds like a job well done. it's red so it's done the job it was suppose to do #justsaying,anger
#Hudcomedy #AdamRowe  #insult Slutfaceshlongnugget,anger
I need some to help with my anger,anger
@CBSBigBrother never bring back Meech and Bridgette. Crying because someone looks at you? Ugh* and Bridgette. #bitter,anger
Hey folks sorry if anything offensive got posted on here yesterday my account got hacked. All fixed now though. I hope :-/  #annoyed,anger
Now it's time to remove CB from the team somehow. Screw it. Rip the Band-Aid off. It'll sting for a bit but everyone will get over it.,anger
Candice's pout gets more preposterous by the week. This week it's gone a bit Jack Nicholson's Joker. #GBBO,anger
@keithboykin unfortunately it won't end there... followers of whichever candidate isn't elected will throw tantrums. No winning this elec,anger
@cc_yandian @HillaryClinton her team must draw from a hat for daily personality #drugged  #yeller #quiet #screamer #ğŸ˜‚ğŸ˜‚,anger
Candice's standing pout face aggravates me every week,anger
Think I really broke young bull hurt ğŸ˜‚ğŸ˜‚ğŸ˜­ğŸ˜­ u can tell by how bitter and mad he is ğŸ˜ŠğŸ˜ŠğŸ˜©ğŸ˜©,anger
@OstinOng YUUUHH ğŸ™„ğŸ˜­ plus clin ep and prevmed ugghhh hahaha #bitter,anger
@HebertofNH any time a man who got paid to throw temper tantrums speaks up* you gotta listen.,anger
As if he heard my thought on the ether* my #ex has just posted #facebook pic of himself snuggling up with said #cats... now Im just #angry,anger
don't provoke me after letting me down !,anger
could never be a angry drunk lol yall weirdos just enjoy your time,anger
Yet we still have deaths* road rage* &amp; violations on the road* despite a widely accepted concept of 'personal accountability' while driving,anger
@SiobhanSynnot  Oh* good God. Quentin Letts is doing one of his 'comedy' turns. #angry @bbcthisweek @afneil #BBCTW,anger
@Trump_Videos she looks completely #rabid @realDonaldTrump,anger
Inner conflict happens when we are at odds with ourselves. Honor your values and priorities.  #innerconflict #conflict #values,anger
#EpiPen: when public outrage occurs* expand #PAP Patient Assistance Progrm* coupons*rebates .@GOPoversight @OversightDems on #Mylan #Epipen,anger
Imagine the twitter fume if Corbyn loses the election and then Smith leads Labour to a worse result than suggested under Corbyn.. Imagine??,anger
@BosNaud so scared to ruffle feathers* he resorted to writing in cryptic code. #UncleCamsCabin,anger
Didn't think Cadres not Getting SRC deployment would make some Cadres so bitter* Ku tough Macom.,anger
I miss doing nothing someone I care about and attacking their face with kisses. #foreveralone #bitter ğŸ˜©,anger
That grudge you're holding keeps making an appearance because #God wants you to deal with it.,anger
@arppaul @chetanlfc @mannkakhiladi @dey_spandan @umeroffcial  Comparing Akshay Sir with this zandu balm is an insult to Akshay Sir.,anger
ğŸ”¥Anger is the acid that can do more harm to the vessel in which it is stored than to anything on which it is poured.ğŸ”¥ #anger \n\n~Mark Twain,anger
If I spend more than Â£10 in shimmy on Â£1 drinks I'll be raging* but we all know it's gonna happen,anger
I have a rage rage ep 2 coming out soon I'll keep you posted on it #YouTube #youtubegaming #rage,anger
@iamsrk what's up w the gender bias? #indignant This fancypants saddler's daughter will opt for the leather jacket* thank you very much.,anger
When your sister is 19 and throws legitimate temper tantrums just to get attention..,anger
@luxbet Did you even give out any pizzas ? Serious fail #hungry  #hangry,anger
This provocation sets off a curiosity. An entity is feeding fuel to the fire. speaking quatrains. Hmmm America needs to be vigilant now,anger
@PatVPeters @FreeBeacon Quite the response of retaliation from Weiner in getting revenge on Huma &amp; Hillary 'clam digging'.\n#AllScumbags,anger
I guess #bradangelina &gt; #anger &gt; #blacklivesmatter,anger
Now that I have my ex's number now its time to prank him. #revenge #prank #whatprankIshoulddo seriously what prank I should I do,anger
Do not despise the Lord â€™s #discipline* do not #resent his rebuke* because the #Lord disciplines those he loves... #Proverbs 3:11-12,anger
Guy across from me in a really ugly suit cannot stop expressing his displeasure,anger
Some moving clips on youtube tonight of the vigil held at Tulsa Metropolitan Baptist church for #TerenceCruther #justice #anger #sadness,anger
I think I must scare my coworkers when I'm eating like a rabid animal on my breaks #srry,anger
@JuliaHB1 Bloody right #fume,anger
@RoyEnglish roy as fiery,anger
Why a puerto Rican with Taino hair and a black nose gotta ruffle your targeted feathers?,anger
@JasonMillerinDC @realDonaldTrump Prudence suggests that a 8+% bump over 2-3 weeks should be viewed with SKEPTICISM. Media/HRC axis ,anger
Listening to Joey really helps me and my anger.,anger
@kerrybowen_ you have anger issues!,anger
i can't believe they're all messing up my favourite of all bakes i feel personally offended,anger
I think they may be #offended,anger
@ashleighjessica @zacflint1 I'd give that pout the firm D,anger
I am using twitter as a coping mechanism for raging out at this kid oops?,anger
@AgentTinsley I believe that's what you call the fury of the righteous.,anger
Ok but I just got called a 'White Devil' on the train and I didnt know whether to laugh or be offended,anger
#india will take #revenge  by making 3 new movies like #phantom and they will be like #ghus_k_maren_ge this is how indian army take revenge,anger
@cxmbeferre so you WOULDNT date me????? #offended,anger
Drop Snapchat names #bored #snap #swap #pics,anger
Damn our offense is a mix bag of unpredictable lethal weapons I'm worried for Defense Coordinators ğŸ˜ #Chargers #Boltup #Recharged,anger
the bee sting still suck i feel sick,anger
I just love it when people make plans for me without actually including me in this process ,anger
@healeyraine I'm offended* I actually am,anger
pressure does burst pipes ğŸ˜­,anger
@voguemagazine* did you not learn from @FreePeople 's viral insult to ballet? Stop trying to wrongfully stick models into pointe shoes ğŸ™„,anger
@realDonaldTrump: No sense in taking out your wrath on innocent people because you think police shot an innocent man. #MakeAmericaSafeAgain,anger
@GriffinBowie23 @AliMcClimond sorry to #offend u griffin!!,anger
@JohnKerry can be as indignant as he wants but the world knows Obama will do nothing and Putin will just do what he wants #Aleppo #Syria,anger
@sarah_urbina why do you even beef Sara you let the anger get the best of you* you and Sagin been friends for how long?,anger
@lydss_xx @tharealversace @fatbellybella fuckin luv incense* this is me as fuck ğŸ˜‚,anger
I screened my own snap what kind of narcissistic ass would smh,anger
I don't even #feel #anger anymore can't explain it .. #Tulsa #Charlotte #Trayvon #SandraBland #Philando #Ferguson #BatonRouge #MichaelBrown,anger
@Freepenalties @TMortimerFtbl Doll is a vile creature on the touchline. Every game he has tantrums &amp; shouts at the ref. Would love to see,anger
@jwolfie_ why you gotta use the dark skin emoji ,anger
jamming out to fury in math class wanting to die hbu,anger
So I wished my sis 12 midnight but received no reply from her. My 2nd sis JUST wished her* got a reply. You know who's the fav #offended,anger
@evanareteos :)) im now writing abt the changing face of sex industry in tr :))) now men will talk to me then! #revenge,anger
can't believe Achilles killed me! ,anger
@a_mxe7 hah don't speak to me or my cousin like that* mind a had the displeasure of seeing u bare faced on eh train* no a pretty sight mate,anger
Indignation: [whispers to date during that terrific Lerman/Letts centerpiece scene] That's his overwhelming sense of indignation.,anger
@CBSBigBrother never bring back Meech and Bridgette. Crying because someone looks at you? Ugh* and Bridgette. ,anger
@trendykittykat Some people would rather hang on to their indignant anger. *weary sigh*,anger
@VerizonSupport thanks for saying My wife and I were getting our iphones today and then losing both of them with no ETA #thanks ,anger
Thatmoment you're watching #worstcelebritycooks and your bubble is burst by finding out KyleXY is gay and marriedğŸ˜­ #nochance #KindaDontMindğŸ˜‰,anger
Women don't like girls because we resent them for looking so great/we wish we still looked like that  #washed,anger
Hey folks sorry if anything offensive got posted on here yesterday my account got hacked. All fixed now though. I hope :-/ #angry #annoyed,anger
@IndigoHawthorne Then u understand that rage is often not pretty* or controlled or rational - it is often visceral-not always logical.,anger
My leg feels like it's gonna burst* yet I'm still expected to go into work:):),anger
The best revenge is to move on* get over it* and continue to succeed. Never give someone the satisfaction of watching you suffer.,anger
Get to work and there's a fire drill. #fire  #outthere #inthedark,anger
@LaraTheIrish &lt; feel everything. She would remember everything. Evanora hoped this would serve to fuel the creatures anger and run rabid &gt;,anger
@Kim_is__bored exactly what I have been saying on fb.. #bitter,anger
Get to work and there's a fire drill. #fire #burning #outthere #inthedark,anger
@simon_penn_r @AntisocialJW2 has turned into a rather fiery GG radical),anger
significantly* with a #bitter smile* 'let me,anger
@MetPoliceFC is it true none of your players are cops? Do they drink chilled bitter? Are your players Walter Mitty types? @KeviboyAllen,anger
Brendan Rodgers looks fuming ğŸ˜­,anger
@ChronAVT ummm* the blog says 'with Simon Stehr faking 7th'...I'll expect an investigation forthwith. This is an ,anger
My baskets are better when I'm in a bad mood someone irritate me before practice please,anger
Be chill af if you want to offend someone.,anger
@DRUDGE_REPORT @FoxNews good thing the FBI didn't offend them!,anger
you know cyran still hasn't done makeup based on jeongguk's tiddy like i suggested and i'm #offended,anger
@danrafaelespn no Tyson fury beat the man who been at top for years Danny Garcia should be above Bradley pacquaio frampton,anger
So I wished my sis 12 midnight but received no reply from her. My 2nd sis JUST wished her* got a reply. You know who's the fav ,anger
@m_t_f_72 I'm not surprised* I would be fuming! ğŸ˜¤,anger
oh these old things on my face? nah they're not tears from school related anger and frustration nope never,anger
British humour should offend and challenge mainstream views. Hat off to Clarkeson. The ultra left should go and kneel before Allah!!,anger
I need all your attention! If I don't I'll pout..,anger
@AudreyKare i'm like half expecting some rabid troll to come into my mentions accusing me of being a csa apologist or something lmao,anger
Because it was a perfect illusion* but at least now I know what it was.  #ladygaga #iscalming#mysoul,anger
Puzzle investing opening portland feodal population is correlative straight a snorting infuriate: XLzjYhG,anger
@len_snart gives a frustrated growl* before stepping closer and putting his gun through the barrier. No alarms and nothing happened. He-,anger
@AaronGoodwin seriously dude buy some bubble tape for your phones. #snap broke another phone,anger
When you forget to mention you were bought dreamboys tickets ğŸ™„ğŸ˜‚ #raging,anger
Now that @Jasmine_Wrn has snapchat back it's a constant battle to see who can get the ugliest snap of one another ğŸ˜‚ğŸ™ƒ #snap survival,anger
Nick said he's territorial and he'll growl if someone gets too close to me #hesananimal,anger
I don't mean to offend anyone* but 93.7 literally blames everything on white people. In some cases it's true* but a lot of times* it's not,anger
He totally knew about it'. Trump finally gets revenge for his son-in-law's prosecution/imprisonment and throws Christie under the bus.,anger
Inner conflict happens when we are at odds with ourselves. Honor your values and priorities. #anger #innerconflict #conflict #values,anger
Are belittling kitty straight a service? provoke lift aboard!: Wycelv,anger
@EAMaddenNFL @EASPORTS I played a game where John Elway was sacked 3x and fumbled all 3x. Is this the same John elway I know of??? #madden,anger
And she got all angry telling me 'but what would be doing a 40 year old guy looking for a girl like you' and I felt ,anger
@BearGrylls for your next series will u do a celebrity firefighting show and just chuck them all in a burning building and do the voiceover?,anger
Like I can't do 12 hours worth of standing or calorie burning in 3 hours ğŸ˜­ğŸ˜­ğŸ˜­ğŸ˜­ #1stworldprobs4vs,anger
Before revenge you feel good after revenge you feel worse ğŸ’¯ @HillaryClinton,anger
I wonder what would happen if I were to tell some people the truth #savage #uhoh ,anger
Take public opinion on revenge with Pakistan if govt is unable to decide. @aajtak @TimesNow @narendramodi,anger
@cxmbeferre so you WOULDNT date me????? ,anger
the teams that face Barca and Bayern after a defeat are the ones who face the wrath,anger
I just don't understand why everyone is so #angry we all just want to live and thrive don't we?,anger
@kitanoye Hell is hot and boiling* isi ewu,anger
#welfarereform should not be a 'model' for #snap.,anger
@HillaryClinton Yeah U gotta make them HEEL. I know U need their votes so U have to wait. But when U LOSE-they're really in for your wrath !,anger
Well @AprilDRyan Trump's rabid base needs 2 hear this &amp; U can always find an overseer like King to say it.\n@JoyAnnReid @SMShow @frangeladuo,anger
Skipping meals is the national way of showing #disappointment and #anger. #wiz,anger
streets of rage 2 was hard to find for a while and then Itunes stepped in and the guys doing the vinyl \nmade it so simple,anger
@paulbushnell25 @EE bad news if ordered online it hasn't gone through same happened to me had to re order on the phone ,anger
@UltimateBoxer My heart because you left me for so long again\n\n*slight pout but it turned to a smile*\n\nheheh just kidding* no I'm fine-,anger
why are people so angry toward veggie burgers at in n out wtf,anger
I mean I'm not done watching the pilot* but it's nice to see a group of actors perform without story lines dripping relentless nihilism.,anger
Checked-in for my flight to Toronto. Took seat 3D just to infuriate @perpetualgeek.,anger
Egyptian officials expressed frustration and outrage over the Obama/Hillary administrationâ€™s support of the Muslim Brotherhood,anger
@PrincessCasGirl @DaddyEllis__ tiff you better hurry cause ğŸ‘€,anger
@fleetstreetfox It's buzzing pathetically for sympathy if you let it out it will twirl it's moustache* chuckle and sting you #Psychowasp,anger
matt and i just did a psychological study on provocation in abusive relationships.,anger
@HuffPostUK  NO greater wrath than a woman scorned.,anger
@kencurtin they might get Donal Ã³g sure! They won't have him in cork as he's to fiery for dopey frank &amp; his cult,anger
@LouisFil just curious as to what you mean. No rush* no animosity* no disdain.,anger
@thatomahapa the best revenge is to get yourself a good woman and move on. Leave her and her hairline to figure themselves out alone,anger
@tamriiel I was talking about further in the expansion* with more gear - fury always does well towards the end,anger
Who knew softballs could sting so bad? Jimmy Fallon has been under a lot of heat for his &amp;ldquo;softball&amp;rdquo; Donald Trump interview,anger
@OstinOng YUUUHH ğŸ™„ğŸ˜­ plus clin ep and prevmed ugghhh hahaha ,anger
@StrongestBeing â†would furrow and her face would redden as she protests; it would seem that being seen as unattractive in Wukong's eyes wasâ†’,anger
Finding out my two best Fwendz are going to rage with me at @lifeisbeautiful makes this last week of no sleep extra worth it,anger
Paul forever. Paul should have won! Paul played such a better game! #BB18 #angry,anger
@marthalyssa yep. LOL ,anger
@AuntieSupreme @KimberlyCarole y'all found me to express yalls displeasure. ğŸ˜‰,anger
@1VoiceMatters @MichaelTPremo just got wind of #MenForChoice and it doesn't infuriate me. Just makes me sad for the generation.,anger
Since the 'update' my @iPhone loses power nearly 40% faster. ,anger
The sun literally burning my skin,anger
That feel when you travel 700 miles to pick up a form that arrives in the post two days after you leave. ,anger
@DL_Hart @DonnieDollars @AaronBiggsPro @WWENoWayJose @cwfmidatlantic How did that chop feel? You still feel the sting of it? Looks brutal!,anger
Chris ate all my mac n cheese so imma eat all his taffy ,anger
@thomeagle Just to help maintain and boost our status as a world class centre for education* culture and tolerance. #outrage,anger
Chris ate all my mac n cheese so imma eat all his taffy #revenge,anger
It's weird because I was discussing sex resentment and confusion in the thing I was writing last night.,anger
As if he heard my thought on the ether* my #ex has just posted #facebook pic of himself snuggling up with said #cats... now Im just ,anger
Paul forever. Paul should have won! Paul played such a better game! #BB18 ,anger
@BigBrother__USA she is just jealous and a cry baby!  #gladsheisgone #crybaby,anger
@clarechampion @Westclarepage and peter your radio piece on off the ball was pure class * no digs * no revenge * a total balanced pro ! ğŸ‘ğŸ‘ğŸ‘,anger
@coltonflurry @StrangeFacesLA I cancelled by CBS all access live feeds before JC even said Vic won AFP. Paul.should have won IMO ,anger
The best #revenge is to move on* get over it* and continue to #succeed. Never give someone the #satisfaction of watching you #suffer....!!!,anger
@iStoleFreeHugs @stephlaris lol I'm happy with my negative* realistic ass self. Sorry to offend you,anger
75' Tierney reaches a deep cross to the back post and plays it back across but the Alloa defence clear. Celtic relentless here.,anger
Can't believe I've only got 2 days off left ğŸ™„ #backtoreality ,anger
@vladfucker69 i look rabid,anger
@thedrepabon BLM was outraged by the shooting in NC the other day* turns out the guy pointed gun at police. Wait for facts before outrage,anger
I get embarrassed at the slightest things and then I'll fret about it all day I hate it,anger
@Sophiejulia @CalebAtChipotle @calebpressleyxo relentless pipe thirst #sheltered,anger
I don't get what point is made when reporting on Charlotte looting @CNNAshleigh. Why not explore what looting businesses symbolizes ,anger
#Taurus will react angrily when she can't take being provoked any longer.,anger
@bismahmalik .....Seems like a fight ready to rage on.....,anger
@WestonKoury so leafy can roast the Pokemon go kid but not you what an outrage that just means that he is more relevant than y-I mean kisses,anger
I think Paul is what's bitter* not the pastry,anger
@PatriotsInform I don't see why you think we'll have a dumbed down simplified offense with Brissett. He comes from a very complicated system,anger
After becoming boiling hot* after slowly melting* my heart is frozen.,anger
@xandraaa5 @amayaallyn6 shut up hashtags are cool ,anger
@hoytschile fury road!!,anger
Realizing that holding a grudge for long is immaturity is wisdom,anger
@BonesARP 'That is a disappointment.'\n\nHe fakes a pout* then starts to chuckle.,anger
Some moving clips on youtube tonight of the vigil held at Tulsa Metropolitan Baptist church for #TerenceCruther #justice  #sadness,anger
@RegalisAzura \ngrasp the cobalt woman's own; which they did fairly easily. Fair cheeks would ignite into a fiery hue. Warm.. was the only,anger
@billburr DirectTV is the best. Apparently you just sit in silent anger. 'Don't press or say anything',anger
I believe women are more fiery because once a month they go through struggle and struggle is what develops a strong character.,anger
@kingcharles9th i Lowkey forgot you had twitter and if you don't follow me back im gonna be ,anger
im also definitely still bitter about the yellow ranger not being asian* but asian representation in hollywood is essentially a shrug anyway,anger
Did we miss the fact that #BurkeRamsey swung &amp;hit his sister #JonBenet in the face with a golf club previously out of a fit of ?,anger
@talkRobyn oh dear I have to watch this the woman with the pout did well,anger
LIFE TIP 101. I know unresolved #anger is likely to cause problems in several areas of my life. I must recognize it &amp; properly deal with it.,anger
@Sargon_of_Akkad It'll be like burning rap albums; they'll have to buy it first* but gosh darn it* they have to get rid of it.,anger
@Docjp they unleashing God's wrath just as Cain did,anger
@SlaveGuinevere its more of a little prick than a sting .......... but you have to come to Tennessee to get it1,anger
@DeltaDomain @SawDraze @qurions dis dat nigga from fume right?,anger
Projection is perception. See it in someone else? You also at some level have that within you. #anger #worry,anger
@SageHillfarms @HintonAlisa @hb_heather Hey* Jayme! Were yourğŸ‘‚ğŸ‘‚ burning cuz I was talking about you?ğŸ˜ Are you going tomorrow?,anger
@savageimiike one of my favorite songs brother* real talk. #rage,anger
Controlling #anger is a sign of those #righteous people promised #Paradise in the #Quran in Surah Al Imran verses 133-134 #reward #goodDeed,anger
@alyssasimpson21 I gave up KENDRICK LAMAR to eat barbecue with him. ,anger
the 1975 are playing antichrist why won't @sundarakarma play hustle it's an outrage,anger
@TDsNation I blame how broken madden is this year,anger
@MMASOCCERFAN @outmagazine No offense but the only way this makes sense is if you work for the magazine. Otherwise*who are you apologizing 4,anger
Nahhhhhh @konanplaydirty snap story has got me bussing up ğŸ˜‚ğŸ˜‚ğŸ˜‚ğŸ˜‚ğŸ˜‚ğŸ˜‚ğŸ˜‚ğŸ˜‚ğŸ˜‚ğŸ˜‚ğŸ˜‚ğŸ˜‚ğŸ˜‚ğŸ˜‚,anger
@ticcikasie1 With a frown* she let's out a distraught 'Gardevoir' saying that she wishes she had a trainer,anger
@skinkev let's rage,anger
If i could just get my line to block! #germantownbroncos #lilleague #popwarner #Broncos #usafootball  #lineman,anger
@BIGGKATZ BUT arms (focused rage) is overpowered* it will be getting nerfed. It'll still be stronger than fury though,anger
@KevinI @GGGBoxing @SpecialKBrook pretty average* klitschko fury did about 600k and Joshua white did about 450k,anger
@WBIRSports They're still using his offense* up the middle 3X &amp; punt.,anger
@jessebwatters lol. Love it when you aggravate Juan. Keep up the good work. Lol,anger
@judahandthelion TONIGHT. Legit can't wait to rage ğŸ¤˜ğŸ»ğŸ¤˜ğŸ»ğŸ¤˜ğŸ»ğŸ¤˜ğŸ»ğŸ¤˜ğŸ»ğŸ”¥,anger
Seeing #RIPShawtyLo got me thinking bout other rappers then I thought about @LilTunechi dying* and burst into tears... Smh,anger
@donna_bellav @SoniaRayS @gig_aholic He looks especially lovely. Sadly* I do not *removes potentially indignant Mr D from convo*,anger
my momma irritate me asking all these questions like gone ğŸ˜¤,anger
The bubble has officially burst. 98 boys to beat for the trophy and all the glory #wptmain #bye,anger
@Daniel_Sankey @hayleyp79 Haha.... Actually* after the Doggies I'm barracking for Anyone But GWS! ,anger
@feistyarcher -trouble*' he feigned anger and gave her a look that told her to behave. He knew she wouldn't though* and that was one of -,anger
@JBCrewdotcom how his own fans insult him,anger
I offend u,anger
np rum rage,anger
Some bloke on the train who's obviously trying to provoke West Ham fans by loudly slagging off the stadium to his mate on the phone,anger
#welfarereform should not be a 'model' for .,anger
@TheDTSB @trubble1127 @nflnetwork I agree but our offense was ass after the second half td score on the first drive,anger
@RealPaulWalker R.I.P Paul* furious 8 can't wait,anger
Trumpism likewise rests on a bed of racial resentment that was made knowingly and intentionally* long before Trump got into politics.,anger
If you let a general tweet offend you* you definitely shouldn't be on twitter.,anger
As your own lives in order to complete our amazing life journey successfully* it is there. #bitter,anger
@marthalyssa yep. LOL #bitter,anger
straight people are canoodling on the quad and I'm ,anger
remember when that guy got #angry that i kept saying gary sanchez was the best baseball player in the world... lmao,anger
What's a Kali's kitten? [She asked* a frown curling on her fair skinned forehead as he showed her the scar] A cat did - (@ScarredTiger),anger
@everycolorbot more like every color looks the same #triggered #colorblind ,anger
My husband found out there are other rabid hockey fans like me as we waited in line 4 of the 6 window stickers were for SJ NHL/AHL hockey.,anger
@ParrishWalton @kjmgolf Also* our best assets on offense are our RB's and our WR's (longterm). Have to have an offense to utilize both.,anger
@UnknownAndYoung â€” a low growl escaping him. Oh oh.,anger
@RiotzXVl papercuts sting and stub ur toe last for like 10 secs,anger
I've been wanting salty fries from McDonald's since yesterday and I'm burning my fingers eating them bc these shits ğŸ”¥ğŸ”¥ğŸ”¥,anger
Love how Megan is raging about this Kendall Jenner photo and I'm sat here like ğŸ¤”ğŸ™ƒ,anger
@josephperson Cam is still rattled from the backlash he received when he made the black QB comment and suffered the wrath of White America.,anger
Because you offended by the lies of Alexandria Goddard doesn't mean that I'm Deric's friend or anything else. Purely a fishin expedition.,anger
Y'all really insult coz of soccer???  Lmao* wow!!!!!!,anger
What terrible thing to see and have no vision-\n\nHelen Keller-\n\n-Begin with the end in mind-\n\nStephen Covey-\n\n #whereareugoing ,anger
@StarFlowerz17 @DreamerAbe #bitter. Nicole and Cory is why she was evicted.,anger
@rumanaa_r @DaiIyRoasts what did I do to offend you? ğŸ™„ğŸ˜­ğŸ˜‚,anger
What terrible thing to see and have no vision-\n\nHelen Keller-\n\n-Begin with the end in mind-\n\nStephen Covey-\n\n#whereareugoing #relentless,anger
The bitter the battle* the sweeter the victory...,anger
i resent biting my tongue.,anger
You can't fight the elephants until you have wrestled the pigs. #quoteoftheday ,anger
People often grudge others what they cannot enjoy themselves.,anger
@SarahMi40605180 @kaileighhxo sorry to burst the bubble but there was never any illusion ğŸ™ˆğŸ˜‚ğŸ˜‚,anger
@jaybusbee Well* not Archie. No offense but he's kinda old.,anger
Scored madden 13 on vita for $20AU today.  Bloke didn't know what he had. I'd have happily paid $70 ğŸ¤‘ my only ever bargain! #bargain #vit,anger
Now they fret about scuffs. Iâ€™ll take scuffs (whichâ€¦come in) for a phone I can use wet handed or drop in a toilet any day.,anger
If ydu yell 'fire' in a crowded theater you will burst into flames. It's a cool trick* bu: only once.,anger
Congress acting indignant over the  #EpiPen pricing is quite disingenuous since they craft the laws that allow such gouging!!,anger
@ToddDoug @Ziggomattic Yeah* this actually supports why I tweeted in this thread initially. Because of the article's righteous indignation.,anger
@WWE is the live event Brock vs Orton 2 this Saturday on the WWE Network? If not it needs to be! :) #wwe @RandyOrton @HeymanHustle #revenge,anger
@edquinn63 how can you even forget to pick ur fave child up from school ,anger
Grateful for all the hungry people in my life! Hungry to learn* change* grow* help* etc - not sure anybody has it better! ,anger
@St8edge4life88 eh well i can do the sting vs cactus loser leaves wcw match at bash at the beach lol,anger
@warFarePower dip it in boiling water,anger
I have a rage rage ep 2 coming out soon I'll keep you posted on it #YouTube #youtubegaming ,anger
When anger rises* think of the consequences. #quote #wisdom #anger,anger
New madden kicking ğŸš®,anger
I was going to say that Rooney is a shadow of his former self but I don't want to offend any shadows. #NTFCvMUFC,anger
When you burst out crying alone and u realize that no one truly knows how unhappy you really are because you don't want anyone to know,anger
schneiderlin taking his revenge for the 2 fouls,anger
@JustinRow10 dude the new madden 17? Haha,anger
you are an angry glass of vodka,anger
one month til someone's bday and i think it's time to flaunt that I got them something pretty awesome #revenge,anger
be strong* independant and practical. stop living in your world of fantasy. snap out of it. the faster u get used to the reality* the better,anger
Time wounds all heels.\n\n #DrunkJesus #rt #lol #wisdom #quote #comedy #self #Revenge  #hate #time #funny #politics #Trump #POTUS2016,anger
@TehShockwave turn that grumpy frown upside-down\n\nYou did something next to impossible today,anger
you know cyran still hasn't done makeup based on jeongguk's tiddy like i suggested and i'm ,anger
The most important thing to #bestrong is to hold your #anger #thoughts,anger
Gotta wonder why Caller Max listens to the show in the first place if you so incense him @MSignorile,anger
I believe I'm gonna start singing in my snap stories on the tractor. Switch it up a little bit.,anger
doing some testing with my current earth burst team,anger
If my luck the rest of Fall goes anything like today* I think I'm going to like this season. #bestdayever #magic #work ,anger
also other ppl who i love a whole damn lot; erica* joanna* tiff* sirli* harley* anja* (the rest of the gc bc i ran out of chara!),anger
@sippycoups if it hurts too much to eat* i read somewhere that marshmallows are good bc they are soft and don't irritate,anger
â€œDo not fret if you are not cool! Humans who follow me* become instantly cool!â€ #Bot,anger
@rabpeel snap* seems to be a problem here,anger
#burning the last of @Yan,anger
Can't wait to be in my Ninja turtle costume raging at OSU again this Halloween ğŸ˜ˆ,anger
@GreyTheTick But even if I jumped through that hoop* it just takes one irate netizen to decide me playing by 'the rules' isn't enough.,anger
The best revenge is massive success. â€“Frank Sinatra,anger
Despite my sharing O'Neill's article* what saddens me about the Gazza case is there seems to be more fury about the sentence than the remark,anger
I need to stop second guess myself and just go with the first thought and go with it. #relentless,anger
We worship at Your feet\nWhere wrath and mercy meet\nAnd a guilty world is washed\nBy love's pure stream\nâ€”Graham Kendrick,anger
Dear future big brother players* just chase dick all season and you too can win 500*00 dollars and an Sti #bb18 ,anger
â€œHe who is slow to anger is better than the mighty* And he who rules his spirit than he who takes a city.â€\nP16:32 #bibleverse #pride #anger,anger
Holding a grudge on someone will stop your blessings from God *learn to forgive &amp; forget ğŸ™ğŸ¾,anger
Why does Candice constantly pout #GBBO ğŸ’„ğŸ˜’,anger
@pugglelover3691 some of those haters are just taught hate and not shown love. There is a good quote that goes to your comment tiff* treat,anger
Nor hell a fury like a woman scorned -- William Congreve,anger
That is at least the 3rd time the balls been burst in our games,anger
@stoozyboy1 @chris_sutton73 ğŸ˜‚ğŸ˜‚ Oh the zombie rage ğŸ˜‚,anger
Prayers &amp; Protection to our brothers and sisters fighting in #Charlotte #rage #against #machines,anger
@wcsportscamp I lol'ed.  Privileged exasperation should be bottled and sold.,anger
Finally made my #fury #warrior guide. Let me know your thoughts,anger
@evanareteos :)) im now writing abt the changing face of sex industry in tr :))) now men will talk to me then! ,anger
@JustPyroNow are you gonna do any kind of community raids when wrath of the machine drops?,anger
Nurse practitioner: 'you look pretty bad. No offense of course.'  \n\nThank you* that really added that spark of positivity I needed today.,anger
@dlrwills turn that frown upside down buddy ğŸ™ƒ.,anger
@SonOfTheDovah *She could sense the anger stirring within him and took his hand in hers.* As long as we stay together* we'll both be safe.--,anger
and apparently he's supposed to have a Scottish accent??? I'm ,anger
@PerfectQuartz She's jogging a bit to stay beside her* puffing her cheeks with a huff each time. 'Oh-- jeez Jasper* why don't you â€”,anger
@RichardHBell Yes* I think he held a grudge ...,anger
 I can't guess if you holding a grudge against the best',anger
@JoeGoodmanJr. A solution. But the assumptions by media in articles and every other venue causes animosity to the conversation.,anger
@LisaAsquithtobe @craig8710 @WayneHaselden @june65wigan everyone is against wigan because we are the biggest club ,anger
@lyskoi anyway* I found a short scale today that was perfect for my purposes. soft on the hands* won't aggravate my (now-chronic) tendonitis,anger
GAMEDAY VS BUFORD TODAY AT 5:30 AT HOME!!!!!!!!! NEVER BEEN SO EXCITED #revenge,anger
Tonight's #DragRace #AllStars2 episode GAVE ME LIFE! Yaassss queens! #teamalaska #teamkatya #revenge #bwahaha,anger
@Kim_is__bored exactly what I have been saying on fb.. ,anger
my wasp sting is so itchy,anger
#NAME?,anger
srry my feelings offend u ğŸ¤—,anger
Sorry to burst your bubble but it isn't that century anymore. Welcome to the 21st century.,anger
I can't even right now #bb18 ,anger
Asian Tiger #Mosquitoes are so relentless. More aggressive than the kind I dealt w/as a kid.,anger
Sometimes the best motivations come from 'proving them wrong' #energy #relentless #MotivationalQuotes,anger
@LonelyGoomba I wouldn't bring this up if I were you. It's a very touchy subject. And people get way to offended these days,anger
Are you lost in the fury* fearing that you'll fail?,anger
I need a ğŸ±sushi dateğŸ™ @AnzalduaG ğŸan olive guarded dateğŸ§€ @lexiereid369 and a ğŸ‘ŠğŸ¼Rockys dateğŸ• #tiff,anger
my alarm clock was ringing this morning n my flatmate knocked on my door and asked if i set anything on fire or if i'm burning alive :) :):),anger
@The_Nasty_P now you gotta do that with fast n furious,anger
@notquitefrodo @dominictarason I remember TAs in the gamedev program said he had temper tantrums in class all the time lol,anger
i love that tay &amp; tiff are just sitting at my house while i'm at work ğŸ™ƒ,anger
â€œHe who is slow to anger is better than the mighty* And he who rules his spirit than he who takes a city.â€\nP16:32 #bibleverse #pride ,anger
@MeghanEMurphy Oh gosh* if you get 800+ raging comments from cruise fans* I will just die laughing!,anger
Skipping meals is the national way of showing #disappointment and . #wiz,anger
{Strong hands moving to firmly grope each of @WhimsicallyWild's thighs* squeezing as her digging nails extract a growl from me.},anger
@l1ght__eyes u tried boiling em takes years too,anger
@RLH2606 if u know who died.. I would also burst out crying....\nFrom JOY!!! ğŸ˜‰,anger
@CrayonToCrayon @SueScoby \nIt's always fun to anger 'All the Old Dudes.' with Rock N' Roll :)),anger
being bitter only hurts yourself lmaooo,anger
Sometimes I think the British political landscape is desolate and then I look over at the foaming wasteland of the US and think we're OK,anger
A wise man told me that holdin' a grudge is like\nLetting somebody just live inside of your head rent free,anger
Heading home to cut grass in the heat. All I wanna do is go out to eat somewhere air conditioned.  #AdultingIsTheWorst,anger
@BarackObama I love Lizzy Warren's latest rage against Wall Street.,anger
When you forget to mention you were bought dreamboys tickets ğŸ™„ğŸ˜‚ ,anger
Praying for the #Lord to keep #anger #hate #jealousy away from your heart is a sign of #maturity #conciseness,anger
My little sister sure can hold a grudge ğŸ˜‚ğŸ˜‚ğŸ˜‚,anger
@ShieldsCap &lt; Steve between his feet* feeling a blush sting his cheeks. 'I can undress myself* thank you very much*' he snapped &gt;,anger
one of the main things im doing w/ 13c is filling in the void of my empty bitter heart by making everything how i wanted it to be growing up,anger
snap music kept me from running into traffic 2005-2007.,anger
When anger rises* think of the consequences. #quote #wisdom ,anger
Never make a #decision when you're #angry and never make a #promise when you're #happy. #wisewords,anger
Keep in mind. We're all weak. Don't insult people just because they're human.,anger
@TDsNation i watch all your videos but i like madden better!,anger
Projection is perception. See it in someone else? You also at some level have that within you.  #worry,anger
So Rangers v Celtic ll #revenge,anger
@lethargytyler ehhh I guess. I want to everyone I've ever burst out laughing in front ofğŸ˜‚,anger
@kateracculia @themathofyou It's true! I reverse-engineered the drink. It's a scientific method. I hear it's all the rage.,anger
@KodieBurch yesss..apparently you've been popular on snap ğŸ™„,anger
When a grown adult doesn't drink or has never drank before I just assume they were raised around a raging alcoholic and they want no parts.,anger
@EAMaddenNFL @EASPORTS I played a game where John Elway was sacked 3x and fumbled all 3x. Is this the same John elway I know of??? ,anger
#Zumba* #PiYo and #HIIT sessions. Sweaty* burning but sooooooo good! #missedoutonsummerbikinibodybutwintersunbodywilldo,anger
@jamiesonhelen @MarianKeyes all three of my agin's on the pout .,anger
Anger is cheap and politeness is expensive. Don't expect everybody to be polite. #ThoughtfulThursday  #politeness,anger
don't give someone power by letting their words offend you,anger
Rt @yoelamite i need that one back* that whole cd was hard* the one with a #rage flew through* rhyme flow* n the 1 u speak on the dollar,anger
Lot 100 would give Ghandi road rage,anger
@StutteringGiant at least his character in fast and furious pumped some adrenaline into the franchise. But that's about it,anger
How can I tell Happy Anniversary* when u are not happy..  #ampalaya #paitpaitanangpeg,anger
I love when @pinksaltwarrior angry tweets bc it makes me laugh but also hate it bc it makes me miss her more,anger
when you find out the initiative isn't even a thing ğŸ˜§ ,anger
All this from a cigarette burning in Laura's hand* the angle of her chin* the purse of her lips.'(104) Gorgeous transition!@laurengrodstein,anger
This all resent #India #Pakistan problem is save #NawazSharif\n@ImranKhanPTI\n@PTIofficial,anger
#Awareness seek #shelter .#Letgo Old #habit of chasing #desires resultin in #anger #fear #worry .#Choose #Satisfaction within #Peace #Relax,anger
@RealJeffsdomain Wolfpack theme and trons and sting wore the wolf shirt,anger
@MHChat sadness with resentment is the past* sadness with fear is the future. try to live in the now #MHchat,anger
Anger is cheap and politeness is expensive. Don't expect everybody to be polite. #ThoughtfulThursday #anger #politeness,anger
@JOjojosiejay or in my case a raging moody cow lol why i buy moody cow socks lol,anger
I'm just doing what u should b doing just minding my business and grinding relentless @LITO615,anger
Holding a #grudge doesn't make you #strong; it makes you #bitter. #Forgiving doesn't make you #weak; it sets you #free.,anger
@pianimadi regarde tes snap,anger
Standard Candice starting the show with a pout #startasyoumeantogoon #GBBO,anger
@Klipto the orange one is #poisonous and #bitter. You shouldn't judge the #blue one by how it looks but by how it tastes* #delicious.,anger
Who got madden 17 or 2k17 ps4 add TrackdawgT lets run it,anger
I wish the next madden has a story mode too. Just like Fifa 17 #madden,anger
@MetsProspectHub @brianpmangan taking offense to acount...he ranks 32 of 36 over last 2 years by SABR,anger
@justinbieber Thank u Justin for this amazing concert. I can't believe that only u can provoke these thousand smiles these night#BelieveTour,anger
@The_Boxing_Hub #klitschko @Klitschko over fury any day #boxing,anger
The best revenge is massive success.,anger
Tiangong 1* China's first space laboratory* will come to a fiery end in late 2017. The average decommissioned satellite either burns ...,anger
Houston might lose a coach tomorrow or by midnight. #yikes ?,anger
Well* the lines for Sweden's goals sure sting.,anger
Don't get #bitter get #BETTER,anger
Don't be bitter,anger
Went n a bodega 4 incense lookd @ the sis behind the counter &amp; it was like a mirror she said where u from I said here she said no originally,anger
Recommended reading: Prisoners of Hate by Aaron Beck ,anger
@CharlotteBnntt that's the joke. I know it's incense,anger
Leveled at the half. Much better offense expected in the second half,anger
@sueblue35 @nsoz7 @immortalbulldog huh? We have a sprint coach? We're the slowest team in the comp. Talk about robbing a living. ,anger
#firsttweetever sippin #hotchocolate wondering #why I finally gave in &lt;3 haha #hellloooootwitter - ...its because #facebookisforfamily ,anger
One of my favorite classic cars is the Plymouth fiery.,anger
As your own lives in order to complete our amazing life journey successfully* it is there. ,anger
Kik me I want to swap pics I will post on my account anonymously if you wish Kik: vsvplou #Kik #kikme #snap #nudes #tits #snapchat,anger
Focus on yourself. Don't let other's love define you when you're happy and don't let it make you bitter if you get hurt.,anger
I wish the next madden has a story mode too. Just like Fifa 17 ,anger
@ImpugnValkyrie *I frown and cup your cheeks in my hands after you step aside.* Angela I care about you. And I don't know how else I can -,anger
ğŸ˜³The intensity that @sydneyswans play at is extraordinary #relentless #AFLCatsSwans #AFLFinals ğŸ‰ğŸ‘ğŸ¿,anger
Need a new outlet for ,anger
I need a ğŸ±sushi dateğŸ™ @AnzalduaG ğŸan olive guarded dateğŸ§€ @lexiereid369 and a ğŸ‘ŠğŸ¼Rockys dateğŸ• ,anger
@leener00 @libbyfloyd1 @G_Eazy my snap is andriaprebles â¤ï¸,anger
Colors of the leaves are- changing.  Heatwaves in LA still- raging.  Lattes made in batches. Visit pumpkin patches. #FallSongs,anger
@shopgreenwich #ldf16 what shall we do this weekend?  #spraypainting in #greenwichmarket with @SNUB23 #core246 #lilylou #fret &amp; #benoakley,anger
It takes a man to suffer ignorance and smile. Be yourself* no matter what they say. ,anger
@FrizzeyesJr meeee* i'm lvl 320 and i have not a single relentless,anger
@_Inferno217_ @PaladinsGame ummm that dragons fury though..,anger
@NessaMatthews he's perfect. But not even in that way where you sort of resent him or suspect that he leads a double life. Just perfect.,anger
@jetmissTee I thought I peeped him on your snap. That's the homie âœŠğŸ½ lol,anger
@pbump @AndyRichter  My heart goes out to that woman for the indignity of what she is sitting through.,anger
You can't fight the elephants until you have wrestled the pigs. #quoteoftheday #relentless,anger
@serendipity127_ @zombiecalorie @Angel_Eyes66 I'm sensing a theme here tho lol ,anger
ESPN just assumed I wanted their free magazines ,anger
If my luck the rest of Fall goes anything like today* I think I'm going to like this season. #bestdayever #magic #work #snap,anger
These #NewEnglandPatriots jerseys look like some whack ones that you tried to make when you made custom jerseys on #madden  04,anger
@DMAnthonyJoseph @TheClumpany No grudge. Only truth in abundance.,anger
@Lesdoggg take me with you!! JK. Have fun* relax* get a massage or two and chill. Don't eat the cucumbers* most places frown on that.,anger
630am meeting Olympic House #10golds24 .  #neverquit #believe #dreambig #TeamTTO #going4gold,anger
Houston might lose a coach tomorrow or by midnight.  #yikes #offense?,anger
It's easy to hold a grudge harder to let go.,anger
Prayers &amp; Protection to our brothers and sisters fighting in #Charlotte  #against #machines,anger
testing ,anger
Happiness is the best revenge,anger
I forgot about this nice area down here with the fiery hearths,anger
It takes a man to suffer ignorance and smile. Be yourself* no matter what they say. #sting,anger
@KingNicky7 also madden isn't the funniest game to watch and if there isn't much happening it's boring,anger
Mm* okay. Ham for you and turkey for me.' Gives his hair a ruffle before heading back in the kitchen to set out the &gt;&gt;\n@DarkSithKenobi,anger
Oh my. Watching #rage. It's been like* ages,anger
Like hello? I am your first born you must always laugh at my jokes. ,anger
Sometimes the best motivations come from 'proving them wrong' #energy  #MotivationalQuotes,anger
Tonight's #DragRace #AllStars2 episode GAVE ME LIFE! Yaassss queens! #teamalaska #teamkatya  #bwahaha,anger
and naoto nod she also like tha bands. but she also frown. 'Will the bands 'Papa Roach' be at concert...?',anger
If someone keeps #laughing at you* don't #fret  . At least u r giving #happiness .'\n#quotes #quotestoliveby,anger
@wesrucker247 sounds like a good game plan for our offense....,anger
The most important thing to #bestrong is to hold your  #thoughts,anger
So Rangers v Celtic ll ,anger
I think they may be ,anger
I should really study today for chemistry but playing madden is just way more fun.,anger
i love the word fret so much and im in heaven,anger
@WWE is the live event Brock vs Orton 2 this Saturday on the WWE Network? If not it needs to be! :) #wwe @RandyOrton @HeymanHustle ,anger
Thursdays at 6pm Vespers &amp; Meditation #prayerful #plainsong #multisensory #candles #incense #psalms #music #silence #faithful sing or listen,anger
pray for my boy huff,anger
GAMEDAY VS BUFORD TODAY AT 5:30 AT HOME!!!!!!!!! NEVER BEEN SO EXCITED ,anger
snap: hiAleshia ğŸ˜ƒ,anger
I need to stop second guess myself and just go with the first thought and go with it. ,anger
630am meeting Olympic House #10golds24 .  #relentless #neverquit #believe #dreambig #TeamTTO #going4gold,anger
@ezlisteningdisc it doesn't offend me but it's just*** Weird.,anger
Drop Snapchat names #bored  #swap #pics,anger
Follow me on Snapchat ğŸ‘» Carlabtst15 #snapchat ,anger
I love when #girls are busy in teaching how to #pout while taking #selfie in a mall * their desication is immense #women love #perfection,anger
follow my girl tiff she only got 3 followersğŸ’–ğŸ’˜ğŸ’–ğŸ’˜ğŸ’˜ @00tiffanyr,anger
@Ms_HeartAttack peanut butter takes away the sting,anger
hate to see y'all frown but I'd rather see him smiling ğŸ’•âœ¨,anger
@JaredLeto Jared + #snap? ğŸ’˜,anger
Kik me I want to swap pics I will post on my account anonymously if you wish Kik: vsvplou #Kik #kikme  #nudes #tits #snapchat,anger
ordered my vacation bathing suits. one less thing to fret about.,anger
Cheap pout my brodcast,anger
Ughhh love a clean house and my incense lit aromatherapy,anger
Follow me on Snapchat ğŸ‘» Carlabtst15 #snapchat #snap,anger
Vale! Vale! Sip sangria and taste tantalizing tapas @ElCidLA  's fiery flamenco nights! #MinutesFromHoM #SilverLake #LA #Flamenco,anger
Grateful for all the hungry people in my life! Hungry to learn* change* grow* help* etc - not sure anybody has it better! #relentless,anger
Love the new song I can't stop thinking about you by #sting.,anger
@thomeagle Just to help maintain and boost our status as a world class centre for education* culture and tolerance. ,anger
@savageimiike one of my favorite songs brother* real talk. ,anger
one month til someone's bday and i think it's time to flaunt that I got them something pretty awesome ,anger
@Aurena1701 @AngryOrchard he didn't sting me luckily. He just flew off happy and drunk. Lolololol,anger
Ellie just gave me loads of gifts with notes on em for uni n I burst out in tears* I LOVE HERğŸ˜©,anger
@EagleGiles23 @tgilmore_92 what I miss? ,anger
@Callidissima @ahouseingotham wrath of khan is one of the best movies of all time,anger
I'm girly in the sense that I always have lashes &amp; nails done but tomboy in the sense that black is my only color &amp; refuse the ruffle life,anger
Follow up. Follow through. Be #relentless. #success,anger
@cburt43 turn that frown upside down,anger
@CorningFootball  IT'S GAME DAY!!!!      T MINUS 14:30 ,anger
rose incense are the best thing I've ever bought,anger
@jaaames1993 Literally burst out laughing.,anger
Follow up. Follow through. Be . #success,anger
Wrinkles should merely hide where frown have been.  - Mark Twain,anger
Love the new song I can't stop thinking about you by .,anger
